{
  "model_type": "autoencoder",
  "model_name": "AE-4D-normal",
  "description": "Autoencoder with 4D latent space. Trained on v2 extraction data.",
  "performance": {
    "auc": 0.9751890621455838,
    "spearman_rho": 0.761523722720917,
    "cohen_d": 1.3588495451814944
  },
  "feature_columns": [
    "cadence_spm",
    "stride_time_s",
    "stride_time_cv",
    "step_time_asymmetry",
    "stride_length_norm",
    "stride_amp_norm",
    "step_length_asymmetry",
    "knee_left_rom",
    "knee_right_rom",
    "knee_left_max",
    "knee_right_max",
    "ldj_knee_left",
    "ldj_knee_right",
    "ldj_hip",
    "trunk_lean_std_deg",
    "inter_ankle_cv"
  ],
  "n_features": 16,
  "latent_dim": 4,
  "hidden_dims": [
    64,
    32
  ],
  "scaler": {
    "mean": [
      113.95768492557052,
      1.0587820512820512,
      0.0354156781271688,
      0.001451726907711306,
      13.531881828994033,
      6.915153365649345,
      -0.012212126972253321,
      29.994614421233173,
      34.56515519542643,
      178.02617890091705,
      177.81274244807614,
      3686.654693116016,
      3557.7592199747087,
      647.8533667234879,
      0.9559228393901147,
      0.5192211397338141
    ],
    "scale": [
      8.416286440407463,
      0.07837840723425404,
      0.04399225467924104,
      0.041859818268647736,
      3.4873262920552666,
      1.6804005001100262,
      0.06485886624288166,
      5.053187437447322,
      4.036144308935111,
      1.0850335603545105,
      1.0615062407044935,
      1807.8547644238706,
      2480.3209744099263,
      232.98411327335216,
      0.29816415956131903,
      0.05777141111024238
    ]
  },
  "architecture": {
    "encoder": "16 \u2192 64 \u2192 32 \u2192 4",
    "decoder": "4 \u2192 32 \u2192 64 \u2192 16",
    "activation": "relu",
    "output_activation": "linear"
  },
  "thresholds": {
    "optimal": -Infinity,
    "youden_sensitivity": 0.0,
    "youden_specificity": 1.0
  },
  "score_distributions": {
    "clean": {
      "mean": 0.6539405884441026,
      "std": 0.46412185705717873,
      "median": 0.5431019945753454,
      "n": 52,
      "p0": 0.17295606884487036,
      "p25": 0.31301603047784343,
      "p50": 0.5431019945753454,
      "p75": 0.7916184250348918,
      "p95": 1.703208549496077,
      "p100": 2.2116126576426
    },
    "impaired": {
      "mean": 4.2165424704732954,
      "std": 4.350711850483706,
      "median": 2.8956516904694514,
      "n": 106,
      "p0": 0.8257713099850921,
      "p25": 1.8322993806126333,
      "p50": 2.8956516904694514,
      "p75": 4.8905623227460495,
      "p95": 10.874613087817085,
      "p100": 34.39376737451108
    },
    "severity_0": {
      "mean": 0.6539405884441026,
      "std": 0.46412185705717873,
      "median": 0.5431019945753454,
      "n": 52,
      "p0": 0.17295606884487036,
      "p25": 0.31301603047784343,
      "p50": 0.5431019945753454,
      "p75": 0.7916184250348918,
      "p95": 1.703208549496077,
      "p100": 2.2116126576426
    },
    "severity_1": {
      "mean": 3.0824399815470875,
      "std": 2.334946715557487,
      "median": 2.3269242518363136,
      "n": 36,
      "p0": 0.8257713099850921,
      "p25": 1.3451173451096419,
      "p50": 2.3269242518363136,
      "p75": 3.7246322813260835,
      "p95": 7.748288253146216,
      "p100": 10.641986794137532
    },
    "severity_2": {
      "mean": 3.770602141862175,
      "std": 5.04817646791621,
      "median": 2.25474567917759,
      "n": 43,
      "p0": 0.9044442583813277,
      "p25": 1.8811607192185162,
      "p50": 2.25474567917759,
      "p75": 3.854787252073857,
      "p95": 6.740860659395774,
      "p100": 34.39376737451108
    },
    "severity_3": {
      "mean": 6.4388803864592825,
      "std": 4.414427510248966,
      "median": 4.805447263615121,
      "n": 27,
      "p0": 1.0714980153859917,
      "p25": 3.3734880582002575,
      "p50": 4.805447263615121,
      "p75": 9.065304611705793,
      "p95": 12.86975689755849,
      "p100": 20.128656920558946
    }
  },
  "score_mapping": {
    "p1": 0.22621060546038968,
    "p99": 16.14180005677995,
    "formula": "clip((score - p1) / (p99 - p1) * 100, 0, 100)"
  },
  "tflite_model": "AE-4D-normal.tflite",
  "usage": {
    "step1": "Normalize: x_norm = (x - scaler.mean) / scaler.scale",
    "step2": "Run TFLite model: x_recon = model(x_norm)",
    "step3": "Compute MSE: score = mean((x_norm - x_recon)^2)",
    "step4": "Classify: impaired if score > threshold",
    "step5": "Map to 0-100 using score_mapping formula"
  },
  "generated": "2026-01-28T03:44:55.626473"
}