{
  "model_type": "pca",
  "model_name": "PCA-4",
  "description": "PCA with 4 components. Trained on v2 extraction data.",
  "performance": {
    "auc": 0.9743469091295177,
    "spearman_rho": 0.7578042283085054,
    "cohen_d": 1.3802037973607355
  },
  "feature_columns": [
    "cadence_spm",
    "stride_time_s",
    "stride_time_cv",
    "step_time_asymmetry",
    "stride_length_norm",
    "stride_amp_norm",
    "step_length_asymmetry",
    "knee_left_rom",
    "knee_right_rom",
    "knee_left_max",
    "knee_right_max",
    "ldj_knee_left",
    "ldj_knee_right",
    "ldj_hip",
    "trunk_lean_std_deg",
    "inter_ankle_cv"
  ],
  "n_features": 16,
  "n_components": 4,
  "scaler": {
    "mean": [
      113.95768492557052,
      1.0587820512820512,
      0.0354156781271688,
      0.001451726907711306,
      13.531881828994033,
      6.915153365649345,
      -0.012212126972253321,
      29.994614421233173,
      34.56515519542643,
      178.02617890091705,
      177.81274244807614,
      3686.654693116016,
      3557.7592199747087,
      647.8533667234879,
      0.9559228393901147,
      0.5192211397338141
    ],
    "scale": [
      8.416286440407463,
      0.07837840723425404,
      0.04399225467924104,
      0.041859818268647736,
      3.4873262920552666,
      1.6804005001100262,
      0.06485886624288166,
      5.053187437447322,
      4.036144308935111,
      1.0850335603545105,
      1.0615062407044935,
      1807.8547644238706,
      2480.3209744099263,
      232.98411327335216,
      0.29816415956131903,
      0.05777141111024238
    ],
    "description": "Apply: (x - mean) / scale"
  },
  "pca": {
    "components": [
      [
        0.3744475033886938,
        -0.3542871613683902,
        0.38153719642888184,
        0.11968755241778424,
        0.0924243854077881,
        0.13750079700800438,
        -0.15109976490817478,
        -0.10199479017103574,
        0.028805840861345165,
        0.05188568534517964,
        0.1389427279208098,
        0.4151385643068601,
        0.41396728933256627,
        0.35490133775025995,
        -0.013095121315090453,
        0.14501293478483013
      ],
      [
        0.18118731659847845,
        -0.2022489477058869,
        -0.16028911481154107,
        0.030907733488564723,
        0.5569701452322928,
        0.5431178603927767,
        -0.16472587851890966,
        0.12289002207673941,
        0.1286664160690422,
        -0.005463825441526822,
        0.15730199061809666,
        -0.14172424152366572,
        -0.14603984144446805,
        -0.21300315515186075,
        -0.008867529753843008,
        -0.35213366244025895
      ],
      [
        -0.26985064578448714,
        0.2888678384120267,
        0.05818730273143171,
        0.19750733797076656,
        -0.03473165120749411,
        0.002673243111062134,
        -0.1855876723968538,
        0.5208105257256666,
        0.5118739911722495,
        0.3754559604475484,
        0.21106249271199543,
        0.14390206783093076,
        0.04810558047643877,
        0.096089035771671,
        -0.11191588817961054,
        0.04616828724559176
      ],
      [
        -0.04808515997217562,
        0.0487740996633586,
        0.01096202796307482,
        -0.5429089239966923,
        0.06105362750634866,
        0.15652744414093722,
        -0.25582577555010066,
        0.040677052316803006,
        0.041364556363785235,
        0.04986311084567994,
        0.10955084202376278,
        -0.09183492028603882,
        -0.1601791285965098,
        0.19663026449381132,
        0.5973570637499689,
        0.39914925889312414
      ]
    ],
    "explained_variance": [
      4.282368893120396,
      2.4912601381319828,
      2.1258792133326216,
      1.4206261195955163
    ],
    "explained_variance_ratio": [
      0.2625009778234858,
      0.1527094555826095,
      0.13031230754803327,
      0.08708164915789822
    ],
    "total_variance_explained": 0.6326043901120267,
    "mean": [
      -2.141449410959677e-15,
      1.4774506404627084e-15,
      -4.2700885562506023e-17,
      -8.540177112501205e-18,
      -7.600757630126071e-16,
      3.928481471750554e-16,
      4.2700885562506023e-17,
      -2.818258447125397e-16,
      -1.9343501159815228e-15,
      2.8186854559810225e-14,
      5.4029430502238866e-14,
      5.081405381938216e-16,
      -2.892984996859783e-16,
      8.326672684688674e-16,
      -7.013620453641614e-16,
      -6.084876192657108e-16
    ]
  },
  "thresholds": {
    "optimal": -Infinity,
    "youden_sensitivity": 0.0,
    "youden_specificity": 1.0,
    "description": "Distance > threshold = impaired"
  },
  "score_distributions": {
    "clean": {
      "mean": 0.5638772501187875,
      "std": 0.43263090122904774,
      "median": 0.43119360221767744,
      "n": 52,
      "p0": 0.1360589912343093,
      "p25": 0.27504662419440823,
      "p50": 0.43119360221767744,
      "p75": 0.6844325348647202,
      "p95": 1.3270869026035763,
      "p100": 2.6178127233624005
    },
    "impaired": {
      "mean": 3.780269207616968,
      "std": 3.514272846415371,
      "median": 2.571071749607959,
      "n": 106,
      "p0": 0.4325317897565175,
      "p25": 1.5754203360485892,
      "p50": 2.571071749607959,
      "p75": 4.671896398447961,
      "p95": 10.18983567166909,
      "p100": 24.129927039827706
    },
    "severity_0": {
      "mean": 0.5638772501187875,
      "std": 0.43263090122904774,
      "median": 0.43119360221767744,
      "n": 52,
      "p0": 0.1360589912343093,
      "p25": 0.27504662419440823,
      "p50": 0.43119360221767744,
      "p75": 0.6844325348647202,
      "p95": 1.3270869026035763,
      "p100": 2.6178127233624005
    },
    "severity_1": {
      "mean": 2.7743083815677716,
      "std": 2.182096171128511,
      "median": 1.9727747900325037,
      "n": 36,
      "p0": 0.6342723656265462,
      "p25": 1.209822058161704,
      "p50": 1.9727747900325037,
      "p75": 3.000191475857468,
      "p95": 7.340842374561348,
      "p100": 10.38508914043703
    },
    "severity_2": {
      "mean": 3.2234148883245375,
      "std": 3.663085865063968,
      "median": 2.2467224286171095,
      "n": 43,
      "p0": 0.4325317897565175,
      "p25": 1.58215980756184,
      "p50": 2.2467224286171095,
      "p75": 2.977854106735968,
      "p95": 6.794328827053012,
      "p100": 24.129927039827706
    },
    "severity_3": {
      "mean": 6.008392373074211,
      "std": 3.7362457953327435,
      "median": 5.423390976981311,
      "n": 27,
      "p0": 0.5843433032535874,
      "p25": 3.117778053878366,
      "p50": 5.423390976981311,
      "p75": 8.938434595169127,
      "p95": 12.513453831895799,
      "p100": 14.491088742622964
    }
  },
  "score_mapping": {
    "description": "Map reconstruction error to 0-100 scale",
    "p1": 0.16512462194150945,
    "p99": 13.510355848772276,
    "formula": "clip((score - p1) / (p99 - p1) * 100, 0, 100)"
  },
  "usage": {
    "step1": "Normalize input: x_norm = (x - scaler.mean) / scaler.scale",
    "step2": "Project to PC space: pc = (x_norm - pca.mean) @ pca.components.T",
    "step3": "Reconstruct: x_recon = pc @ pca.components + pca.mean",
    "step4": "Compute MSE: score = mean((x_norm - x_recon)^2)",
    "step5": "Classify: impaired if score > threshold",
    "step6": "Map to 0-100: scale using score_mapping formula"
  },
  "generated": "2026-01-28T03:44:55.110475"
}